Adambakkam,132,24.8 km
Adyar,132,30.6 km
Alandur,132,23.5 km
Alapakkam,132,27.8 km
Alwarthirunagar,132,30.4 km
Ambattur,132,33.5 km
Aminjikarai,132,35.1 km
Anna Nagar,132,33.9 km
Annanur,132,36.8 km
Arumbakkam,132,33.5 km
Ashok Nagar,132,26.8 km
Avadi,132,34.0 km
Ayappakkam,132,34.0 km
Basin Bridge,132,41.5 km
Besant Nagar,132,31.6 km
Broadway,132,"1,323 km"
Central,132,40.4 km
Chetpet,132,37.3 km
Choolai,132,40.3 km
MMDAÂ Colony,132,34.8 km
Defence Colony,200,25.9 km
Egmore,200,39.0 km
Ennore,200,57.4 km
George Town,200,42.6 km
Gerugambakkam,200,24.3 km
Gopalapuram,200,33.4 km
Guindy,200,26.9 km
Hastinapuram,200,14.6 km
ICF Colony,200,37.8 km
Injambakkam,200,40.5 km
Irumbuliyur,200,9.6 km
Iyyapanthangal,200,27.8 km
Jamalia,200,40.2 km
K.K. Nagar,200,28.1 km
Kadaperi,200,11.6 km
Kallikuppam,200,38.3 km
Karambakkam,200,26.9 km
Kathirvedu,200,42.7 km
Kathivakkam,200,56.4 km
Keelkattalai,200,20.0 km
Kodungaiyur,200,47.2 km
Kolappakkam,200,25.9 km
Kolathur,200,38.9 km
Korattur,200,34.8 km
Korukkupet,200,51.5 km
Kosapet,200,39.3 km
Kottivakkam,200,31.2 km
Kovilambakkam,200,20.6 km
Koyambedu,200,31.8 km
Kundrathur,200,18.1 km
Lakshmipuram,200,42.6 km
M.G.R. Garden,200,30.9 km
M.G.R. Nagar,200,27.9 km
M.K.B. Nagar,200,46.7 km
Madhavaram,200,43.7 km
Madhavaram Milk Colony,200,45.7 km
Madipakkam,200,22.0 km
Maduravoyal,200,27.5 km
Mambakkam,200,12.3 km
Manali,200,49.3 km
Manali New Town,200,50.3 km
manapakkam,200,30.4 km
Mangadu,200,24.0 km
Manjambakkam,200,44.4 km
Mannadi,200,42.8 km
Mathur MMDA,200,46.9 km
Medavakkam,200,18.1 km
Minjur,200,65.2 km
Mogappair,200,30.8 km
Moolakadai,200,44.4 km
Mowlivakkam,200,25.2 km
Mudichur,200,8.8 km
Mugalivakkam,200,29.4 km
Mylapore,200,33.2 km
Nagalkeni,200,16.2 km
Nandambakkam,200,20.8 km
Nanganallur,200,22.3 km
Naravarikuppam,200,45.1 km
Neelankarai,200,28.3 km
Nerkundrum,200,30.7 km
Nesapakkam,200,28.4 km
New Washermenpet,200,52.0 km
Nolambur,200,29.3 km
Old Washermenpet,200,52.0 km
Oragadam,200,35.9 km
Otteri,200,38.7 km
Padi,200,34.0 km
Palavakkam,200,29.5 km
Pallavaram,200,15.5 km
Pallikaranai,200,22.2 km
Pammal,200,19.4 km
Park Town,200,35.8 km
Parry's Corner,200,42.1 km
Pattabiram,200,32.7 km
Pattalam,200,40.3 km
Pattravakkam,200,33.2 km
Pazhavanthangal,200,21.7 km
Peerkankaranai,200,6.9 km
Perambur,200,46.4 km
Periamet,200,39.6 km
Perungalathur,200,6.9 km
Perungudi,200,27.3 km
Ponniammanmedu,200,43.9 km
Poonamallee,200,25.5 km
Porur,200,27.2 km
Pozhichalur,200,18.7 km
Pudur,200,36.6 km
Pulianthope,200,41.1 km
Purasawalkam,200,39.1 km
Puzhal,200,40.8 km
Ramapuram,200,30.5 km
Red Hills,200,45.1 km
Royapuram,200,52.5 km
Saidapet,200,26.1 km
Saligramam,200,33.2 km
Selaiyur,200,14.2 km
Selavoyal,200,47.5 km
Sembiam,200,46.2 km
Sholinganallur,200,28.8 km
Sowcarpet,200,50.1 km
Surapet,200,43.3 km
T. Nagar,200,30.3 km
T.V.K. Nagar,200,46.4 km
Tambaram,200,9.2 km
Taramani,200,28.2 km
Teynampet,200,30.6 km
Thirumangalam,200,32.8 km
Thirumazhisai,200,26.0 km
Thirumullaivayal,200,36.8 km
Thirumullaivoyal north,200,37.0 km
Thirunindravur,200,36.6 km
Thiruvanmiyur,200,31.5 km
Thiruverkadu,200,29.7 km
Thoraipakkam,200,28.3 km
Thousand Lights,200,39.2 km
Tiruvottiyur,200,56.0 km
Tondiarpet,200,50.8 km
Triplicane,200,34.4 km
Vadapalani,200,35.5 km
Valasaravakkam,200,28.9 km
Vallalar Nagar,200,49.9 km
Vandalur,200,5.6 km
Varadharajapuram,200,8.8 km
Velachery,200,25.9 km
Vepery,200,39.7 km
Villivakkam,200,36.6 km
Virugambakkam,200,32.9 km
Vyasarpadi,200,47.7 km
West Mambalam,200,27.9 km
Kancheepuram,200,39.8 km
Chengalpattu,200,26.1 km
Pazhaverkadu,200,89.3 km
Ponneri,200,68.5 km
Athipattu,200,65.0 km
Sholavaram,200,54.6 km
Tiruvallur,200,51.0 km
Arakkonam,200,33.8 km
Sriperumbudur,200,36.6 km
Tamaraipakkam,200,28.3 km
Irungatukottai,200,18.1 km
Kadambathur,200,51.4 km
Chembarambakkam,200,27.9 km
Singaperumalkoil,200,15.8 km
Maraimalai nagar,200,11.8 km
Urapakkam,200,2.6 km
Karapakkam,200,25.1 km
Muthukadu,200,31.0 km
Kovalam,200,25.9 km
Siruseri,200,25.8 km